-- phpMyAdmin SQL Dump
-- version 5.0.1
-- https://www.phpmyadmin.net/
--
-- Host: 127.0.0.1
-- Generation Time: Feb 02, 2021 at 12:35 PM
-- Server version: 10.4.11-MariaDB
-- PHP Version: 7.4.2

SET SQL_MODE = "NO_AUTO_VALUE_ON_ZERO";
SET AUTOCOMMIT = 0;
START TRANSACTION;
SET time_zone = "+00:00";


/*!40101 SET @OLD_CHARACTER_SET_CLIENT=@@CHARACTER_SET_CLIENT */;
/*!40101 SET @OLD_CHARACTER_SET_RESULTS=@@CHARACTER_SET_RESULTS */;
/*!40101 SET @OLD_COLLATION_CONNECTION=@@COLLATION_CONNECTION */;
/*!40101 SET NAMES utf8mb4 */;

--
-- Database: `gezondheidsmeter`
--

-- --------------------------------------------------------

--
-- Table structure for table `question`
--

CREATE TABLE `question` (
  `id` int(11) NOT NULL,
  `variation` text NOT NULL,
  `question` text NOT NULL,
  `options` text NOT NULL,
  `vervolg` int(11) NOT NULL,
  `vervolg_trigger` int(11) NOT NULL,
  `type_id` int(11) NOT NULL
) ENGINE=InnoDB DEFAULT CHARSET=latin1;

--
-- Dumping data for table `question`
--

INSERT INTO `question` (`id`, `variation`, `question`, `options`, `vervolg`, `vervolg_trigger`, `type_id`) VALUES
(12, 'radio', 'Heeft u een goede werkplek?', '{\"options\":[{\"text\": \"Ja\",\"value\":\"80\"},{\"text\":\"Soms\",\"value\":\"40\"},{\"text\": \"Nee\",\"value\":\"10\"}]}', 0, 0, 6),
(13, 'radio', 'Heeft u een goede werklocatie?', '{\"options\":[{\"text\": \"Ja\",\"value\":\"80\"},{\"text\":\"Soms\",\"value\":\"40\"},{\"text\": \"Nee\",\"value\":\"10\"}]}', 0, 0, 8),
(14, 'radio', 'Heeft u goede werktijden?', '{\"options\":[{\"text\": \"Ja\",\"value\":\"80\"},{\"text\":\"Soms\",\"value\":\"40\"},{\"text\": \"Nee\",\"value\":\"10\"}]}', 0, 0, 9),
(15, 'radio', 'Heeft u last van werkdruk?', '{\"options\":[{\"text\": \"Ja\",\"value\":\"80\"},{\"text\":\"Soms\",\"value\":\"40\"},{\"text\": \"Nee\",\"value\":\"10\"}]}', 0, 0, 10),
(16, 'radio', 'Hoeveel uur heeft u vandaag gesport?', '{\"options\":[{\"text\": \"2+\",\"value\":\"80\"},{\"text\":\"0-2\",\"value\":\"40\"},{\"text\": \"0\",\"value\":\"10\"}]}', 0, 0, 3),
(17, 'radio', 'Heeft u vandaag gefietst of gewandeld?', '{\"options\":[{\"text\": \"Ja\",\"value\":\"80\"},{\"text\":\"Hoognodige\",\"value\":\"40\"},{\"text\": \"Nee\",\"value\":\"10\"}]}', 0, 0, 11),
(18, 'radio', 'Hoeveel minuten heeft u ongeveer gefietst of gewandeld?', '{\"options\":[{\"text\": \"30+\",\"value\":\"80\"},{\"text\":\"0-30\",\"value\":\"40\"},{\"text\": \"0\",\"value\":\"10\"}]}', 0, 0, 12),
(19, 'radio', 'Heeft u vandaag gesport?', '{\"options\":[{\"text\": \"Ja\",\"value\":\"80\"},{\"text\":\"Nee\",\"value\":\"10\"}]}', 0, 0, 13),
(20, 'radio', 'Heeft u vandaag groente of fruit gegeten?\r\n', '{\"options\":[{\"text\": \"Ja\",\"value\":\"80\"},{\"text\":\"Nee\",\"value\":\"10\"}]}', 0, 0, 5),
(21, 'radio', 'Heeft u vandaag graan producten gegeten?', '{\"options\":[{\"text\": \"Ja\",\"value\":\"80\"},{\"text\":\"Nee\",\"value\":\"10\"}]}', 0, 0, 14),
(22, 'radio', 'Heeft u vandaag melk producten gegeten?\r\n', '{\"options\":[{\"text\": \"Ja\",\"value\":\"80\"},{\"text\":\"Nee\",\"value\":\"10\"}]}', 0, 0, 15),
(23, 'radio', 'Heeft u vandaag gezonde vetten gegeten?\r\n', '{\"options\":[{\"text\": \"Ja\",\"value\":\"80\"},{\"text\":\"Nee\",\"value\":\"10\"}]}', 0, 0, 16),
(24, 'radio', 'Heeft u vandaag vlees gegeten?\r\n', '{\"options\":[{\"text\": \"Ja\",\"value\":\"80\"},{\"text\":\"Nee\",\"value\":\"10\"}]}', 0, 0, 17),
(25, 'multi', 'Wat heeft u vandaag gedronken?\r\n', '{\"options\":[{\"text\": \"Water\",\"value\":\"80\"},{\"text\":\"Cafeine/Suiker\",\"value\":\"40\"}]}', 0, 0, 19),
(26, 'radio', 'Hoeveel uren heeft u vandaag geslapen?', '{\"options\":[{\"text\": \"8+\",\"value\":\"80\"},{\"text\":\"6-8\",\"value\":\"40\"},{\"text\": \"0-6\",\"value\":\"10\"}]}', 0, 0, 20),
(27, 'radio', 'Heeft u vandaag drugs gebruikt?', '{\"options\":[{\"text\": \"Ja\",\"value\":\"49\"},{\"text\":\"Nee\",\"value\":\"50\"}]}', 0, 0, 21),
(28, 'multi', 'welke drugs heefd u gebruikt?', '{\"options\":[ {\"text\":\"Joints\",\"value\":\"50\"}, {\"text\":\"sigaretten\",\"value\":\"20\"}, {\"text\":\"sigaren\",\"value\":\"50\"}, {\"text\":\"Extacy\",\"value\":\"30\"}, {\"text\":\"Coke\",\"value\":\"5\"}, {\"text\":\"speed\",\"value\":\"10\"}, {\"text\":\"MDMA\",\"value\":\"5\"}, {\"text\":\"GHB\",\"value\":\"30\"}, {\"text\":\"Lachgaspatronen\",\"value\":\"20\"}, {\"text\":\"heroïne\",\"value\":\"0\"} ]}', 27, 49, 21);

-- --------------------------------------------------------

--
-- Table structure for table `setting_type`
--

CREATE TABLE `setting_type` (
  `id` int(11) NOT NULL,
  `name` varchar(100) NOT NULL
) ENGINE=InnoDB DEFAULT CHARSET=latin1;

--
-- Dumping data for table `setting_type`
--

INSERT INTO `setting_type` (`id`, `name`) VALUES
(3, 'sport_time'),
(5, 'Voeding_vegetables'),
(6, 'work_workspace'),
(8, 'work_location'),
(9, 'work_times'),
(10, 'work_pressure'),
(11, 'sport_movement'),
(12, 'sport_movement_time'),
(13, 'sport_today'),
(14, 'Voeding_grains'),
(15, 'Voeding_dairy'),
(16, 'Voeding_fats'),
(17, 'Voeding_meats'),
(19, 'Voeding_drink'),
(20, 'sleep_length'),
(21, 'drugs_used'),
(23, 'Voeding_drink_Cafeine/Suiker'),
(24, 'Voeding_drink_Alchohol'),
(25, 'Voeding_drink_Water'),
(26, 'drugs_used_Joints'),
(27, 'drugs_used_sigaretten'),
(28, 'drugs_used_sigaren'),
(29, 'drugs_used_Extacy'),
(30, 'drugs_used_Coke'),
(31, 'drugs_used_speed'),
(32, 'drugs_used_MDMA'),
(33, 'drugs_used_GHB'),
(34, 'drugs_used_Lachgaspatronen'),
(35, 'drugs_used_heroïne');

-- --------------------------------------------------------

--
-- Table structure for table `user`
--

CREATE TABLE `user` (
  `id` int(11) NOT NULL,
  `username` varchar(20) NOT NULL,
  `password` text NOT NULL,
  `email` varchar(255) NOT NULL,
  `first_name` varchar(100) NOT NULL,
  `last_name` varchar(100) NOT NULL
) ENGINE=InnoDB DEFAULT CHARSET=latin1;

--
-- Dumping data for table `user`
--

INSERT INTO `user` (`id`, `username`, `password`, `email`, `first_name`, `last_name`) VALUES
(1, 'keesvanopdorp', '$2y$10$3G4TQU1wFYencc/3YqKkVuAA.fytHh/QYdUmTsBozmcMQkPQXVaDK', 'keesjrvanopdorp@live.nl', 'Kees', 'van Opdorp'),
(4, 'henkdebakker', '$2y$10$gEnxdE6V5cXxYK0n2TQJYee3lPepXdDgo51ovn0Zs1EqgTIgb.kzy', 'henkdebakker@live.nl', 'Kees', 'van Opdorp'),
(7, 'dasdsd', '$2y$10$U.ARgdDmXfJjig180CX.6Ola5qyk7YfqyaDR4hfgvJALHyvP7Zpye', 'test@test.nl', 'dasd', 'das'),
(9, 'dasdsd45', '$2y$10$uQGJ1J7.NX24bjm.wiGT4OiVaB5ws99H6mP91nQDI4wYJY0leHNBO', 'its.a.me.brand@gmail.com', 'Brand', 'Van Harn');

-- --------------------------------------------------------

--
-- Table structure for table `user_setting`
--

CREATE TABLE `user_setting` (
  `id` int(11) NOT NULL,
  `user_id` int(11) NOT NULL,
  `ref_id` int(11) NOT NULL,
  `date` datetime NOT NULL DEFAULT current_timestamp(),
  `type_id` int(11) NOT NULL,
  `value` text NOT NULL
) ENGINE=InnoDB DEFAULT CHARSET=latin1;

--
-- Dumping data for table `user_setting`
--

INSERT INTO `user_setting` (`id`, `user_id`, `ref_id`, `date`, `type_id`, `value`) VALUES
(141, 7, 0, '2020-11-05 10:54:25', 6, '80'),
(142, 7, 0, '2020-11-05 10:54:25', 8, '40'),
(143, 7, 0, '2020-11-05 10:54:25', 9, '80'),
(144, 7, 0, '2020-11-05 10:54:25', 10, '10'),
(145, 7, 0, '2020-11-05 10:54:25', 3, '40'),
(146, 7, 0, '2020-11-05 10:54:25', 11, '10'),
(147, 7, 0, '2020-11-05 10:54:25', 12, '80'),
(148, 7, 0, '2020-11-05 10:54:25', 13, '10'),
(149, 7, 0, '2020-11-05 10:54:25', 5, '80'),
(150, 7, 0, '2020-11-05 10:54:25', 14, '80'),
(151, 7, 0, '2020-11-05 10:54:25', 15, '10'),
(152, 7, 0, '2020-11-05 10:54:25', 16, '10'),
(153, 7, 0, '2020-11-05 10:54:25', 17, '10'),
(154, 7, 0, '2020-11-05 10:54:25', 19, '40'),
(155, 7, 0, '2020-11-05 10:54:25', 20, '80'),
(156, 7, 0, '2020-11-05 10:54:25', 21, '40'),
(158, 7, 0, '2021-01-11 11:32:16', 6, '  80'),
(159, 7, 0, '2021-01-11 11:32:16', 8, '  40'),
(160, 7, 0, '2021-01-11 11:32:16', 9, '  40'),
(161, 7, 0, '2021-01-11 11:32:16', 10, '  80'),
(162, 7, 0, '2021-01-11 11:32:16', 3, '  10'),
(163, 7, 0, '2021-01-11 11:32:16', 11, '  40'),
(164, 7, 0, '2021-01-11 11:32:16', 12, '  40'),
(165, 7, 0, '2021-01-11 11:32:16', 13, '  10'),
(166, 7, 0, '2021-01-11 11:32:16', 5, '  10'),
(167, 7, 0, '2021-01-11 11:32:16', 14, '  80'),
(168, 7, 0, '2021-01-11 11:32:17', 15, '  80'),
(169, 7, 0, '2021-01-11 11:32:17', 16, '  10'),
(170, 7, 0, '2021-01-11 11:32:17', 17, '  80'),
(171, 7, 0, '2021-01-11 11:32:17', 19, '  80'),
(172, 7, 0, '2021-01-11 11:32:17', 20, '  80'),
(173, 7, 0, '2021-01-11 11:32:17', 21, '  80'),
(174, 1, 0, '2021-01-13 11:36:28', 6, '10'),
(175, 1, 0, '2021-01-13 11:36:28', 8, '80'),
(176, 1, 0, '2021-01-13 11:36:28', 9, '40'),
(177, 1, 0, '2021-01-13 11:36:28', 10, '40'),
(178, 1, 0, '2021-01-13 11:36:28', 3, '40'),
(179, 1, 0, '2021-01-13 11:36:28', 11, '40'),
(180, 1, 0, '2021-01-13 11:36:28', 12, '40'),
(181, 1, 0, '2021-01-13 11:36:28', 13, '80'),
(182, 1, 0, '2021-01-13 11:36:28', 5, '10'),
(183, 1, 0, '2021-01-13 11:36:28', 14, '80'),
(184, 1, 0, '2021-01-13 11:36:28', 15, '80'),
(185, 1, 0, '2021-01-13 11:36:28', 16, '10'),
(186, 1, 0, '2021-01-13 11:36:28', 17, '10'),
(187, 1, 0, '2021-01-13 11:36:28', 19, '10'),
(188, 1, 0, '2021-01-13 11:36:28', 20, '10'),
(189, 1, 0, '2021-01-13 11:36:28', 21, '80'),
(190, 1, 0, '2021-01-13 11:53:18', 6, '40'),
(191, 1, 0, '2021-01-13 11:53:18', 8, '40'),
(192, 1, 0, '2021-01-13 11:53:18', 9, '80'),
(193, 1, 0, '2021-01-13 11:53:18', 10, '80'),
(194, 1, 0, '2021-01-13 11:53:18', 3, '80'),
(195, 1, 0, '2021-01-13 11:53:18', 11, '80'),
(196, 1, 0, '2021-01-13 11:53:18', 12, '80'),
(197, 1, 0, '2021-01-13 11:53:18', 13, '10'),
(198, 1, 0, '2021-01-13 11:53:18', 5, '80'),
(199, 1, 0, '2021-01-13 11:53:18', 14, '80'),
(200, 1, 0, '2021-01-13 11:53:18', 15, '80'),
(201, 1, 0, '2021-01-13 11:53:18', 16, '10'),
(202, 1, 0, '2021-01-13 11:53:18', 17, '10'),
(203, 1, 0, '2021-01-13 11:53:18', 19, '40'),
(204, 1, 0, '2021-01-13 11:53:18', 20, '80'),
(205, 1, 0, '2021-01-13 11:53:18', 21, '40'),
(206, 1, 0, '2021-01-13 11:57:35', 6, '40'),
(207, 1, 0, '2021-01-13 11:57:35', 8, '10'),
(208, 1, 0, '2021-01-13 11:57:35', 9, '10'),
(209, 1, 0, '2021-01-13 11:57:35', 10, '80'),
(210, 1, 0, '2021-01-13 11:57:35', 3, '40'),
(211, 1, 0, '2021-01-13 11:57:35', 11, '80'),
(212, 1, 0, '2021-01-13 11:57:35', 12, '10'),
(213, 1, 0, '2021-01-13 11:57:35', 13, '80'),
(214, 1, 0, '2021-01-13 11:57:35', 5, '80'),
(215, 1, 0, '2021-01-13 11:57:35', 14, '80'),
(216, 1, 0, '2021-01-13 11:57:35', 15, '80'),
(217, 1, 0, '2021-01-13 11:57:35', 16, '10'),
(218, 1, 0, '2021-01-13 11:57:35', 17, '10'),
(219, 1, 0, '2021-01-13 11:57:35', 19, '40'),
(220, 1, 0, '2021-01-13 11:57:35', 20, '40'),
(221, 1, 0, '2021-01-13 11:57:35', 21, '80'),
(222, 1, 0, '2021-01-15 10:29:16', 6, '40'),
(223, 1, 0, '2021-01-15 10:29:16', 8, '10'),
(224, 1, 0, '2021-01-15 10:29:16', 9, '40'),
(225, 1, 0, '2021-01-15 10:29:16', 10, '80'),
(226, 1, 0, '2021-01-15 10:29:16', 3, '80'),
(227, 1, 0, '2021-01-15 10:29:16', 11, '10'),
(228, 1, 0, '2021-01-15 10:29:16', 12, '40'),
(229, 1, 0, '2021-01-15 10:29:16', 13, '80'),
(230, 1, 0, '2021-01-15 10:29:16', 5, '10'),
(231, 1, 0, '2021-01-15 10:29:16', 14, '80'),
(232, 1, 0, '2021-01-15 10:29:16', 15, '80'),
(233, 1, 0, '2021-01-15 10:29:16', 16, '10'),
(234, 1, 0, '2021-01-15 10:29:16', 17, '10'),
(235, 1, 0, '2021-01-15 10:29:16', 19, '40'),
(236, 1, 0, '2021-01-15 10:29:16', 20, '40'),
(237, 1, 0, '2021-01-15 10:29:16', 21, '80'),
(238, 9, 0, '2021-01-15 10:33:58', 6, '40'),
(239, 9, 0, '2021-01-15 10:33:58', 8, '80'),
(240, 9, 0, '2021-01-15 10:33:58', 9, '10'),
(241, 9, 0, '2021-01-15 10:33:58', 10, '40'),
(242, 9, 0, '2021-01-15 10:33:58', 3, '40'),
(243, 9, 0, '2021-01-15 10:33:58', 11, '40'),
(244, 9, 0, '2021-01-15 10:33:58', 12, '40'),
(245, 9, 0, '2021-01-15 10:33:58', 13, '80'),
(246, 9, 0, '2021-01-15 10:33:58', 5, '10'),
(247, 9, 0, '2021-01-15 10:33:58', 14, '10'),
(248, 9, 0, '2021-01-15 10:33:58', 15, '80'),
(249, 9, 0, '2021-01-15 10:33:58', 16, '10'),
(250, 9, 0, '2021-01-15 10:33:58', 17, '10'),
(251, 9, 0, '2021-01-15 10:33:58', 19, '40'),
(252, 9, 0, '2021-01-15 10:33:58', 20, '80'),
(253, 9, 0, '2021-01-15 10:33:58', 21, '80'),
(254, 9, 0, '2021-02-01 10:50:22', 6, '80'),
(255, 9, 0, '2021-02-01 10:50:22', 8, '40'),
(256, 9, 0, '2021-02-01 10:50:22', 9, '40'),
(257, 9, 0, '2021-02-01 10:50:22', 10, '80'),
(258, 9, 0, '2021-02-01 10:50:22', 3, '40'),
(259, 9, 0, '2021-02-01 10:50:22', 11, '80'),
(260, 9, 0, '2021-02-01 10:50:22', 12, '40'),
(261, 9, 0, '2021-02-01 10:50:22', 13, '10'),
(262, 9, 0, '2021-02-01 10:50:22', 5, '10'),
(263, 9, 0, '2021-02-01 10:50:22', 14, '10'),
(264, 9, 0, '2021-02-01 10:50:22', 15, '10'),
(265, 9, 0, '2021-02-01 10:50:22', 16, '10'),
(266, 9, 0, '2021-02-01 10:50:22', 17, '10'),
(269, 9, 0, '2021-02-01 10:50:22', 20, '80'),
(270, 9, 0, '2021-02-01 10:50:22', 21, '100'),
(271, 9, 0, '2021-02-01 10:51:27', 6, '80'),
(272, 9, 0, '2021-02-01 10:51:27', 8, '40'),
(273, 9, 0, '2021-02-01 10:51:27', 9, '40'),
(274, 9, 0, '2021-02-01 10:51:27', 10, '80'),
(275, 9, 0, '2021-02-01 10:51:27', 3, '40'),
(276, 9, 0, '2021-02-01 10:51:27', 11, '80'),
(277, 9, 0, '2021-02-01 10:51:27', 12, '40'),
(278, 9, 0, '2021-02-01 10:51:27', 13, '10'),
(279, 9, 0, '2021-02-01 10:51:27', 5, '10'),
(280, 9, 0, '2021-02-01 10:51:27', 14, '10'),
(281, 9, 0, '2021-02-01 10:51:27', 15, '10'),
(282, 9, 0, '2021-02-01 10:51:27', 16, '10'),
(283, 9, 0, '2021-02-01 10:51:27', 17, '10'),
(286, 9, 0, '2021-02-01 10:51:27', 20, '80'),
(287, 9, 0, '2021-02-01 10:51:27', 21, '100'),
(288, 9, 0, '2021-02-01 10:51:57', 6, '80'),
(289, 9, 0, '2021-02-01 10:51:57', 8, '40'),
(290, 9, 0, '2021-02-01 10:51:57', 9, '40'),
(291, 9, 0, '2021-02-01 10:51:57', 10, '80'),
(292, 9, 0, '2021-02-01 10:51:57', 3, '40'),
(293, 9, 0, '2021-02-01 10:51:57', 11, '80'),
(294, 9, 0, '2021-02-01 10:51:57', 12, '40'),
(295, 9, 0, '2021-02-01 10:51:57', 13, '10'),
(296, 9, 0, '2021-02-01 10:51:57', 5, '10'),
(297, 9, 0, '2021-02-01 10:51:57', 14, '10'),
(298, 9, 0, '2021-02-01 10:51:57', 15, '10'),
(299, 9, 0, '2021-02-01 10:51:57', 16, '10'),
(300, 9, 0, '2021-02-01 10:51:57', 17, '10'),
(303, 9, 0, '2021-02-01 10:51:57', 20, '80'),
(304, 9, 0, '2021-02-01 10:51:57', 21, '100'),
(306, 9, 0, '2021-02-01 10:52:43', 6, '80'),
(307, 9, 0, '2021-02-01 10:52:43', 8, '40'),
(308, 9, 0, '2021-02-01 10:52:43', 9, '40'),
(309, 9, 0, '2021-02-01 10:52:43', 10, '80'),
(310, 9, 0, '2021-02-01 10:52:43', 3, '40'),
(311, 9, 0, '2021-02-01 10:52:43', 11, '80'),
(312, 9, 0, '2021-02-01 10:52:43', 12, '40'),
(313, 9, 0, '2021-02-01 10:52:43', 13, '10'),
(314, 9, 0, '2021-02-01 10:52:43', 5, '10'),
(315, 9, 0, '2021-02-01 10:52:43', 14, '10'),
(316, 9, 0, '2021-02-01 10:52:43', 15, '10'),
(317, 9, 0, '2021-02-01 10:52:43', 16, '10'),
(318, 9, 0, '2021-02-01 10:52:43', 17, '10'),
(321, 9, 0, '2021-02-01 10:52:43', 20, '80'),
(322, 9, 0, '2021-02-01 10:52:43', 21, '100'),
(323, 9, 0, '2021-02-01 10:54:46', 6, '80'),
(324, 9, 0, '2021-02-01 10:54:46', 8, '40'),
(325, 9, 0, '2021-02-01 10:54:46', 9, '40'),
(326, 9, 0, '2021-02-01 10:54:46', 10, '80'),
(327, 9, 0, '2021-02-01 10:54:46', 3, '40'),
(328, 9, 0, '2021-02-01 10:54:46', 11, '80'),
(329, 9, 0, '2021-02-01 10:54:46', 12, '40'),
(330, 9, 0, '2021-02-01 10:54:46', 13, '10'),
(331, 9, 0, '2021-02-01 10:54:46', 5, '10'),
(332, 9, 0, '2021-02-01 10:54:46', 14, '10'),
(333, 9, 0, '2021-02-01 10:54:46', 15, '10'),
(334, 9, 0, '2021-02-01 10:54:46', 16, '10'),
(335, 9, 0, '2021-02-01 10:54:46', 17, '10'),
(338, 9, 0, '2021-02-01 10:54:46', 20, '80'),
(339, 9, 0, '2021-02-01 10:54:46', 21, '100'),
(340, 9, 0, '2021-02-01 10:54:58', 6, '80'),
(341, 9, 0, '2021-02-01 10:54:58', 8, '40'),
(342, 9, 0, '2021-02-01 10:54:58', 9, '40'),
(343, 9, 0, '2021-02-01 10:54:58', 10, '80'),
(344, 9, 0, '2021-02-01 10:54:58', 3, '40'),
(345, 9, 0, '2021-02-01 10:54:58', 11, '80'),
(346, 9, 0, '2021-02-01 10:54:58', 12, '40'),
(347, 9, 0, '2021-02-01 10:54:58', 13, '10'),
(348, 9, 0, '2021-02-01 10:54:58', 5, '10'),
(349, 9, 0, '2021-02-01 10:54:58', 14, '10'),
(350, 9, 0, '2021-02-01 10:54:58', 15, '10'),
(351, 9, 0, '2021-02-01 10:54:58', 16, '10'),
(352, 9, 0, '2021-02-01 10:54:58', 17, '10'),
(355, 9, 0, '2021-02-01 10:54:58', 20, '80'),
(356, 9, 0, '2021-02-01 10:54:58', 21, '100'),
(357, 9, 0, '2021-02-01 11:01:13', 6, '80'),
(358, 9, 0, '2021-02-01 11:01:13', 8, '40'),
(359, 9, 0, '2021-02-01 11:01:13', 9, '10'),
(360, 9, 0, '2021-02-01 11:01:13', 10, '10'),
(361, 9, 0, '2021-02-01 11:01:13', 3, '40'),
(362, 9, 0, '2021-02-01 11:01:13', 11, '40'),
(363, 9, 0, '2021-02-01 11:01:13', 12, '80'),
(364, 9, 0, '2021-02-01 11:01:13', 13, '10'),
(365, 9, 0, '2021-02-01 11:01:13', 5, '80'),
(366, 9, 0, '2021-02-01 11:01:13', 14, '10'),
(367, 9, 0, '2021-02-01 11:01:13', 15, '10'),
(368, 9, 0, '2021-02-01 11:01:13', 16, '80'),
(369, 9, 0, '2021-02-01 11:01:13', 17, '80'),
(370, 9, 0, '2021-02-01 11:01:13', 23, '40'),
(371, 9, 0, '2021-02-01 11:01:13', 24, '10'),
(372, 9, 0, '2021-02-01 11:01:13', 20, '10'),
(373, 9, 0, '2021-02-01 11:01:13', 21, '0'),
(374, 9, 0, '2021-02-01 11:09:25', 6, '80'),
(375, 9, 0, '2021-02-01 11:09:25', 8, '40'),
(376, 9, 0, '2021-02-01 11:09:25', 9, '10'),
(377, 9, 0, '2021-02-01 11:09:25', 10, '10'),
(378, 9, 0, '2021-02-01 11:09:25', 3, '40'),
(379, 9, 0, '2021-02-01 11:09:25', 11, '40'),
(380, 9, 0, '2021-02-01 11:09:25', 12, '80'),
(381, 9, 0, '2021-02-01 11:09:25', 13, '10'),
(382, 9, 0, '2021-02-01 11:09:25', 5, '80'),
(383, 9, 0, '2021-02-01 11:09:25', 14, '10'),
(384, 9, 0, '2021-02-01 11:09:25', 15, '10'),
(385, 9, 0, '2021-02-01 11:09:25', 16, '80'),
(386, 9, 0, '2021-02-01 11:09:25', 17, '80'),
(387, 9, 0, '2021-02-01 11:09:25', 23, '40'),
(388, 9, 0, '2021-02-01 11:09:25', 24, '10'),
(389, 9, 0, '2021-02-01 11:09:25', 20, '10'),
(390, 9, 0, '2021-02-01 11:09:25', 21, '0'),
(391, 9, 0, '2021-02-01 12:30:28', 6, '80'),
(392, 9, 0, '2021-02-01 12:30:28', 8, '40'),
(393, 9, 0, '2021-02-01 12:30:28', 9, '10'),
(394, 9, 0, '2021-02-01 12:30:28', 10, '10'),
(395, 9, 0, '2021-02-01 12:30:28', 3, '40'),
(396, 9, 0, '2021-02-01 12:30:28', 11, '40'),
(397, 9, 0, '2021-02-01 12:30:28', 12, '80'),
(398, 9, 0, '2021-02-01 12:30:28', 13, '10'),
(399, 9, 0, '2021-02-01 12:30:28', 5, '80'),
(400, 9, 0, '2021-02-01 12:30:28', 14, '10'),
(401, 9, 0, '2021-02-01 12:30:28', 15, '10'),
(402, 9, 0, '2021-02-01 12:30:28', 16, '80'),
(403, 9, 0, '2021-02-01 12:30:28', 17, '80'),
(404, 9, 0, '2021-02-01 12:30:28', 23, '40'),
(405, 9, 0, '2021-02-01 12:30:28', 24, '10'),
(406, 9, 0, '2021-02-01 12:30:28', 20, '10'),
(407, 9, 0, '2021-02-01 12:30:28', 21, '0'),
(408, 9, 0, '2021-02-01 12:30:42', 6, '80'),
(409, 9, 0, '2021-02-01 12:30:42', 8, '40'),
(410, 9, 0, '2021-02-01 12:30:42', 9, '10'),
(411, 9, 0, '2021-02-01 12:30:42', 10, '10'),
(412, 9, 0, '2021-02-01 12:30:42', 3, '40'),
(413, 9, 0, '2021-02-01 12:30:42', 11, '40'),
(414, 9, 0, '2021-02-01 12:30:42', 12, '80'),
(415, 9, 0, '2021-02-01 12:30:42', 13, '10'),
(416, 9, 0, '2021-02-01 12:30:42', 5, '80'),
(417, 9, 0, '2021-02-01 12:30:42', 14, '10'),
(418, 9, 0, '2021-02-01 12:30:42', 15, '10'),
(419, 9, 0, '2021-02-01 12:30:42', 16, '80'),
(420, 9, 0, '2021-02-01 12:30:42', 17, '80'),
(421, 9, 0, '2021-02-01 12:30:42', 23, '40'),
(422, 9, 0, '2021-02-01 12:30:42', 24, '10'),
(423, 9, 0, '2021-02-01 12:30:42', 20, '10'),
(424, 9, 0, '2021-02-01 12:30:42', 21, '0'),
(425, 9, 0, '2021-02-01 12:30:51', 6, '80'),
(426, 9, 0, '2021-02-01 12:30:51', 8, '40'),
(427, 9, 0, '2021-02-01 12:30:51', 9, '10'),
(428, 9, 0, '2021-02-01 12:30:51', 10, '10'),
(429, 9, 0, '2021-02-01 12:30:51', 3, '40'),
(430, 9, 0, '2021-02-01 12:30:51', 11, '40'),
(431, 9, 0, '2021-02-01 12:30:51', 12, '80'),
(432, 9, 0, '2021-02-01 12:30:51', 13, '10'),
(433, 9, 0, '2021-02-01 12:30:51', 5, '80'),
(434, 9, 0, '2021-02-01 12:30:51', 14, '10'),
(435, 9, 0, '2021-02-01 12:30:51', 15, '10'),
(436, 9, 0, '2021-02-01 12:30:51', 16, '80'),
(437, 9, 0, '2021-02-01 12:30:51', 17, '80'),
(438, 9, 0, '2021-02-01 12:30:51', 23, '40'),
(439, 9, 0, '2021-02-01 12:30:51', 24, '10'),
(440, 9, 0, '2021-02-01 12:30:51', 20, '10'),
(441, 9, 0, '2021-02-01 12:30:51', 21, '0'),
(442, 9, 0, '2021-02-01 12:34:25', 6, '80'),
(443, 9, 0, '2021-02-01 12:34:25', 8, '40'),
(444, 9, 0, '2021-02-01 12:34:25', 9, '10'),
(445, 9, 0, '2021-02-01 12:34:25', 10, '10'),
(446, 9, 0, '2021-02-01 12:34:25', 3, '40'),
(447, 9, 0, '2021-02-01 12:34:25', 11, '40'),
(448, 9, 0, '2021-02-01 12:34:25', 12, '80'),
(449, 9, 0, '2021-02-01 12:34:25', 13, '10'),
(450, 9, 0, '2021-02-01 12:34:25', 5, '80'),
(451, 9, 0, '2021-02-01 12:34:25', 14, '10'),
(452, 9, 0, '2021-02-01 12:34:25', 15, '10'),
(453, 9, 0, '2021-02-01 12:34:25', 16, '80'),
(454, 9, 0, '2021-02-01 12:34:25', 17, '80'),
(455, 9, 0, '2021-02-01 12:34:25', 23, '40'),
(456, 9, 0, '2021-02-01 12:34:25', 20, '10'),
(457, 9, 0, '2021-02-01 12:34:25', 21, '0'),
(458, 9, 0, '2021-02-01 12:54:12', 6, '80'),
(459, 9, 0, '2021-02-01 12:54:12', 8, '40'),
(460, 9, 0, '2021-02-01 12:54:12', 9, '40'),
(461, 9, 0, '2021-02-01 12:54:12', 10, '40'),
(462, 9, 0, '2021-02-01 12:54:12', 3, '40'),
(463, 9, 0, '2021-02-01 12:54:12', 11, '40'),
(464, 9, 0, '2021-02-01 12:54:12', 12, '40'),
(465, 9, 0, '2021-02-01 12:54:12', 13, '10'),
(466, 9, 0, '2021-02-01 12:54:12', 5, '80'),
(467, 9, 0, '2021-02-01 12:54:12', 14, '80'),
(468, 9, 0, '2021-02-01 12:54:12', 15, '80'),
(469, 9, 0, '2021-02-01 12:54:12', 16, '10'),
(470, 9, 0, '2021-02-01 12:54:12', 17, '80'),
(471, 9, 0, '2021-02-01 12:54:12', 25, '80'),
(472, 9, 0, '2021-02-01 12:54:12', 23, '40'),
(473, 9, 0, '2021-02-01 12:54:12', 20, '80'),
(474, 9, 0, '2021-02-01 12:54:12', 21, '0'),
(475, 9, 0, '2021-02-01 12:54:12', 26, '50'),
(476, 9, 0, '2021-02-01 12:54:12', 27, '20'),
(477, 9, 0, '2021-02-01 12:54:12', 28, '50'),
(478, 9, 0, '2021-02-01 12:54:12', 29, '30'),
(479, 9, 0, '2021-02-01 12:54:12', 30, '5'),
(480, 9, 0, '2021-02-01 12:54:12', 31, '10'),
(481, 9, 0, '2021-02-01 12:54:12', 32, '5'),
(482, 9, 0, '2021-02-01 12:54:12', 33, '30'),
(483, 9, 0, '2021-02-01 12:54:12', 34, '20'),
(484, 9, 0, '2021-02-01 12:54:12', 35, '0');

--
-- Indexes for dumped tables
--

--
-- Indexes for table `question`
--
ALTER TABLE `question`
  ADD PRIMARY KEY (`id`),
  ADD KEY `type_id` (`type_id`);

--
-- Indexes for table `setting_type`
--
ALTER TABLE `setting_type`
  ADD PRIMARY KEY (`id`);

--
-- Indexes for table `user`
--
ALTER TABLE `user`
  ADD PRIMARY KEY (`id`),
  ADD UNIQUE KEY `username` (`username`),
  ADD UNIQUE KEY `email` (`email`);

--
-- Indexes for table `user_setting`
--
ALTER TABLE `user_setting`
  ADD PRIMARY KEY (`id`),
  ADD KEY `user_id` (`user_id`),
  ADD KEY `type_id` (`type_id`);

--
-- AUTO_INCREMENT for dumped tables
--

--
-- AUTO_INCREMENT for table `question`
--
ALTER TABLE `question`
  MODIFY `id` int(11) NOT NULL AUTO_INCREMENT, AUTO_INCREMENT=30;

--
-- AUTO_INCREMENT for table `setting_type`
--
ALTER TABLE `setting_type`
  MODIFY `id` int(11) NOT NULL AUTO_INCREMENT, AUTO_INCREMENT=36;

--
-- AUTO_INCREMENT for table `user`
--
ALTER TABLE `user`
  MODIFY `id` int(11) NOT NULL AUTO_INCREMENT, AUTO_INCREMENT=10;

--
-- AUTO_INCREMENT for table `user_setting`
--
ALTER TABLE `user_setting`
  MODIFY `id` int(11) NOT NULL AUTO_INCREMENT, AUTO_INCREMENT=485;

--
-- Constraints for dumped tables
--

--
-- Constraints for table `question`
--
ALTER TABLE `question`
  ADD CONSTRAINT `question_ibfk_1` FOREIGN KEY (`type_id`) REFERENCES `setting_type` (`id`);

--
-- Constraints for table `user_setting`
--
ALTER TABLE `user_setting`
  ADD CONSTRAINT `user_setting_ibfk_1` FOREIGN KEY (`user_id`) REFERENCES `user` (`id`),
  ADD CONSTRAINT `user_setting_ibfk_2` FOREIGN KEY (`type_id`) REFERENCES `setting_type` (`id`);
COMMIT;

/*!40101 SET CHARACTER_SET_CLIENT=@OLD_CHARACTER_SET_CLIENT */;
/*!40101 SET CHARACTER_SET_RESULTS=@OLD_CHARACTER_SET_RESULTS */;
/*!40101 SET COLLATION_CONNECTION=@OLD_COLLATION_CONNECTION */;
